{
  "$schema": "./node_modules/@angular/cli/lib/config/schema.json",
  "project": {
    "name": "b"
  },
  "apps": [
    {
      "root": "src",
      "outDir": "dist",
      "assets": [
        { "glob": "**/*", "input": "./assets/", "output": "./assets/" },
        { "glob": "favicon.ico", "input": "./", "output": "./" }
      ],
      "index": "index.html",
      "main": "main.ts",
      "polyfills": "polyfills.ts",
      "test": "test.ts",
      "tsconfig": "tsconfig.app.json",
      "testTsconfig": "tsconfig.spec.json",
      "prefix": "app",
      "styles": [       
        "../node_modules/@progress/kendo-theme-default/dist/all.css",
        "../node_modules/bootstrap/dist/css/bootstrap.min.css",
        "../node_modules/font-awesome/css/font-awesome.min.css",
        "./css/main.scss"
      ],
      "scripts": [   
      ],
      "environmentSource": "environments/environment.ts",
      "environments": {
        "dev": "environments/environment.ts",
        "prod": "environments/environment.prod.ts"
      }
    }
  ],
  "e2e": {
    "protractor": {
      "config": "./protractor.conf.js"
    }
  },
  "lint": [
    {
      "project": "src/tsconfig.app.json",
      "exclude": "**/node_modules/**"
    },
    {
      "project": "src/tsconfig.spec.json",
      "exclude": "**/node_modules/**"
    },
    {
      "project": "e2e/tsconfig.e2e.json",
      "exclude": "**/node_modules/**"
    }
  ],
  "test": {
    "karma": {
      "config": "./karma.conf.js"
    }
  },
  "defaults": {
    "styleExt": "scss",
    "component": {
      "spec": false,
      "inlineStyle": true,
      "inlineTemplate": true
    },
    "directive": {
      "spec": false
    },
    "class": {
      "spec": false
    },
    "guard": {
      "spec": false
    },
    "module": {
      "spec": false
    },
    "pipe": {
      "spec": false
    },
    "service": {
      "spec": false
    }
  }
}
